新聞標題,新聞連結
陳光復摔倒昏迷　卓榮泰：經澎湖三總初步救治，已準備後送至高雄榮總,https://tw.news.yahoo.com/%E9%99%B3%E5%85%89%E5%BE%A9%E6%91%94%E5%80%92%E6%98%8F%E8%BF%B7-%E5%8D%93%E6%A6%AE%E6%B3%B0-%E7%B6%93%E6%BE%8E%E6%B9%96%E4%B8%89%E7%B8%BD%E5%88%9D%E6%AD%A5%E6%95%91%E6%B2%BB-%E5%B7%B2%E6%BA%96%E5%82%99%E5%BE%8C%E9%80%81%E8%87%B3%E9%AB%98%E9%9B%84%E6%A6%AE%E7%B8%BD-102400841.html
高雄雲天宮國運籤「關聖帝君賜下下籤」！爆國際局勢、戰爭警訊：8月後注意這事,https://tw.news.yahoo.com/%E9%AB%98%E9%9B%84%E9%9B%B2%E5%A4%A9%E5%AE%AE%E5%9C%8B%E9%81%8B%E7%B1%A4-%E9%97%9C%E8%81%96%E5%B8%9D%E5%90%9B%E8%B3%9C%E4%B8%8B%E4%B8%8B%E7%B1%A4-%E7%88%86%E5%9C%8B%E9%9A%9B%E5%B1%80%E5%8B%A2-%E6%88%B0%E7%88%AD%E8%AD%A6%E8%A8%8A-8%E6%9C%88%E5%BE%8C%E6%B3%A8%E6%84%8F%E9%80%99%E4%BA%8B-102017097.html
快訊／澎湖縣長陳光復失足昏迷後送高雄榮總　直升機啟程估18:15抵小港機場,https://tw.news.yahoo.com/%E5%BF%AB%E8%A8%8A-%E6%BE%8E%E6%B9%96%E7%B8%A3%E9%95%B7%E9%99%B3%E5%85%89%E5%BE%A9%E5%A4%B1%E8%B6%B3%E6%98%8F%E8%BF%B7%E5%BE%8C%E9%80%81%E9%AB%98%E9%9B%84%E6%A6%AE%E7%B8%BD-%E7%9B%B4%E5%8D%87%E6%A9%9F%E5%95%9F%E7%A8%8B%E4%BC%B018-15%E6%8A%B5%E5%B0%8F%E6%B8%AF%E6%A9%9F%E5%A0%B4-101700035.html
不做什麼更重要！欣新網如何靠一套減法哲學，成為品牌銷售保證、做到近60億營收？,https://tw.news.yahoo.com/%E4%B8%8D%E5%81%9A%E4%BB%80%E9%BA%BC%E6%9B%B4%E9%87%8D%E8%A6%81-%E6%AC%A3%E6%96%B0%E7%B6%B2%E5%A6%82%E4%BD%95%E9%9D%A0-%E5%A5%97%E6%B8%9B%E6%B3%95%E5%93%B2%E5%AD%B8-%E6%88%90%E7%82%BA%E5%93%81%E7%89%8C%E9%8A%B7%E5%94%AE%E4%BF%9D%E8%AD%89-%E5%81%9A%E5%88%B0%E8%BF%9160%E5%84%84%E7%87%9F%E6%94%B6-040507676.html
陳光復跌倒無呼吸心跳！粉專PO照「身邊多名首長」：事出突然沒人扶他,https://tw.news.yahoo.com/%E9%99%B3%E5%85%89%E5%BE%A9%E8%B7%8C%E5%80%92%E7%84%A1%E5%91%BC%E5%90%B8%E5%BF%83%E8%B7%B3-%E7%B2%89%E5%B0%88po%E7%85%A7-%E8%BA%AB%E9%82%8A%E5%A4%9A%E5%90%8D%E9%A6%96%E9%95%B7-%E4%BA%8B%E5%87%BA%E7%AA%81%E7%84%B6%E6%B2%92%E4%BA%BA%E6%89%B6%E4%BB%96-101500929.html
"高雄新樂街夜市""過年一攤難求"" 嫌犯假冒房東騙租金",https://tw.news.yahoo.com/%E9%AB%98%E9%9B%84%E6%96%B0%E6%A8%82%E8%A1%97%E5%A4%9C%E5%B8%82-%E9%81%8E%E5%B9%B4-%E6%94%A4%E9%9B%A3%E6%B1%82-%E5%AB%8C%E7%8A%AF%E5%81%87%E5%86%92%E6%88%BF%E6%9D%B1%E9%A8%99%E7%A7%9F%E9%87%91-101440261.html
2026 春節尋覓正緣！拜月老別再「只許願」　命理師揭3大禁忌,https://tw.news.yahoo.com/2026-%E6%98%A5%E7%AF%80%E5%B0%8B%E8%A6%93%E6%AD%A3%E7%B7%A3-%E6%8B%9C%E6%9C%88%E8%80%81%E5%88%A5%E5%86%8D-%E5%8F%AA%E8%A8%B1%E9%A1%98-%E5%91%BD%E7%90%86%E5%B8%AB%E6%8F%AD3%E5%A4%A7%E7%A6%81%E5%BF%8C-101400631.html
8台灣藝人登春晚！央視「這5字」惹怒台網友,https://tw.news.yahoo.com/%E5%BC%B5%E9%88%9E%E7%94%AF%E9%A6%96%E7%99%BB%E4%B8%AD%E5%9C%8B%E6%98%A5%E6%99%9A-%E5%96%8A-%E5%AE%B6%E7%9A%84%E5%91%B3%E9%81%93%E5%83%8F%E7%A9%BA%E6%B0%A3-%E6%8E%80%E8%A8%8E%E8%AB%96-100055430.html
"南鯤鯓代天府國運籤""中上上籤"" 廟方:經濟會比去年更旺",https://tw.news.yahoo.com/%E5%8D%97%E9%AF%A4%E9%AF%93%E4%BB%A3%E5%A4%A9%E5%BA%9C%E5%9C%8B%E9%81%8B%E7%B1%A4-%E4%B8%AD%E4%B8%8A%E4%B8%8A%E7%B1%A4-%E5%BB%9F%E6%96%B9-%E7%B6%93%E6%BF%9F%E6%9C%83%E6%AF%94%E5%8E%BB%E5%B9%B4%E6%9B%B4%E6%97%BA-054602162.html
新年到！雲林朝天宮人潮爆滿　攤商備5倍貨搶賺過年財,https://tw.news.yahoo.com/%E6%96%B0%E5%B9%B4%E5%88%B0-%E9%9B%B2%E6%9E%97%E6%9C%9D%E5%A4%A9%E5%AE%AE%E4%BA%BA%E6%BD%AE%E7%88%86%E6%BB%BF-%E6%94%A4%E5%95%86%E5%82%995%E5%80%8D%E8%B2%A8%E6%90%B6%E8%B3%BA%E9%81%8E%E5%B9%B4%E8%B2%A1-101300760.html
